{
  "type": "minecraft:entity",
  "pools": [
    {
      "rolls": 1,
      "entries": [
        {
          "type": "minecraft:item",
          "functions": [
            {
              "function": "minecraft:set_count",
              "count": {
                "min": 16.0,
                "max": 32.0,
                "type": "minecraft:uniform"
              }
            }
          ],
          "name": "minecraft:snowball"
        }
      ]
  },
  {
    "rolls": 1,
    "entries": [
      {
        "type": "minecraft:item",
        "functions": [
          {
            "function": "minecraft:set_count",
            "count": {
              "min": 5.0,
              "max": 10.0,
              "type": "minecraft:uniform"
            }
          }
        ],
        "name": "minecraft:snow_block"
      }
    ]
  }
  ]
}
